address,num_room,district,age,sa,sap,gfa,gfap,price,monthly,convenience,efficiency,region
Discovery Park・Phase 2・Block 8,3,Discovery Park,26,659,11805,835,9317,7.78,26394,9,78,NT West
TSEUNG KWAN O PLAZA・PHASE 1・TOWER 3A,2,Tseung Kwan O,21,456,13596,622,9967,6.2,21034,5,73,NT East
SHUN FUNG BUILDING,2,Yuen Long Town Centre,36,401,11172,514,8715,4.48,15199,8,78,NT East
YOHO TOWN・Phase 1・BLOCK 6,2,Yuen Long Station,20,411,12652,552,9420,5.2,17641,10,74,NT East
VISALIA GARDEN,4,Mid-Levels Central,38,1848,30032,2195,25284,55.5,134490,4,84,HK Island
LUK YEUNG SUN CHUEN・BLOCK C,3,Luk Yeung,40,582,11683,671,10134,6.8,23069,4,86,NT West
DISCOVERY PARK・PHASE 1・BLOCK 4,2,Discovery Park,27,474,7489,593,5986,3.55,12044,1,79,NT West
FICUS GARDEN,2,Fo Tan,33,643,12441,744,10752,8.0,27140,4,86,NT East
KINGSWOOD VILLAS・PHASE 1 LOCWOOD COURT・BLOCK 8,3,Tin Shui Wai,32,633,8688,814,6756,5.5,18659,6,77,NT West
NEW KWAI FONG GARDENS・BLOCK D,2,Ha Kwai Chung,41,415,12722,526,10038,5.28,17913,2,78,NT East
TELFORD GARDENS・BLOCK U,2,Kowloon Bay,42,494,10020,571,8669,4.95,16793,2,86,Kowloon
The Latitude・TOWER 8,2,San Po Kong,13,525,18095,680,13970,9.5,32229,1,77,Kowloon
KINGSWOOD VILLAS・PHASE 1 LOCWOOD COURT・BLOCK 6,3,Tin Shui Wai,32,551,8620,708,6709,4.75,16115,6,77,NT West
SCENEWAY GARDEN・BLOCK 8,3,Lam Tin,32,612,12254,785,9554,7.5,25444,1,77,NT West
Whampoa Garden・Phase 7 Cotton Tree Mansions・Block 5,4,Whampoa,35,962,14033,1107,12195,13.5,45799,2,86,Kowloon
WHAMPOA GARDEN・PHASE 2 CHERRY MANSIONS・BLOCK 15,2,Whampoa,37,389,13881,469,11513,5.4,18320,3,82,Kowloon
Vision City・BLOCK 2,4,Tsuen Wan West,17,1280,18750,1683,14260,24.0,69790,10,76,NT West
CARIBBEAN COAST・PHASE 2 ALBANY COVE・TOWER 6,2,Tung Chung Town Centre,19,729,10013,986,7403,7.3,24766,3,73,NT West
Oceanaire・Tower 6A,3,Ma On Shan,13,694,11383,914,8643,7.9,26801,8,75,NT East
CARIBBEAN COAST・PHASE 3 CARMEL COVE・TOWER 9,2,Tung Chung Town Centre,19,565,10407,749,7850,5.88,19948,4,75,NT West
LAGUNA VERDE・Phase 1 Green Wood・TOWER 4,3,Laguna,26,833,14021,1034,11295,11.68,39625,7,80,NT West
Discovery Park・Phase 3・Block 10,3,Discovery Park,26,581,11703,723,9405,6.8,23069,6,80,NT West
OCEAN SHORES・PHASE 1・TOWER 3,1,Tiu Keng Leng,23,398,16331,539,12059,6.5,22052,10,73,NT East
Seaview Crescent・Block 2,2,Tung Chung Town Centre,22,506,11067,687,8151,5.6,18998,10,73,NT West
TIN SHING COURT・SHING YI HOUSE (BLOCK C),1,Tin Shui Wai,24,433,8545,580,6379,3.7,12552,4,74,NT West
Vianni Cove・TOWER 2,2,Tin Shui Wai,20,544,10845,724,8149,5.9,20016,9,75,NT West
TIN CHUNG COURT・CHUNG HO HOUSE (BLOCK L),2,Tin Shui Wai,24,506,6521,665,4962,3.3,11195,3,76,NT West
YOHO TOWN・Phase 2 Yoho Midtown・BLOCK M6,3,Yuen Long Station,14,685,18686,890,14382,12.8,43425,5,76,NT East
Tin Shing Court・SHING CHIU HOUSE (BLOCK B),3,Tin Shui Wai,24,646,6625,866,4942,4.28,14520,4,74,NT West
YEE FUNG BUILDING,2,Yuen Long Town Centre,35,343,10204,496,7056,3.5,11874,8,69,NT East
LAGUNA VERDE・PHASE 2 VILLA VERDE・TOWER 7,2,Laguna,24,618,16165,773,12923,9.99,33892,8,79,NT West
Laguna City・Phase 2・Block 29,3,Lam Tin,33,748,10962,932,8798,8.2,27819,8,80,NT West
GALAXIA・TOWER B,2,Diamond Hill,26,593,14502,751,11451,8.6,29176,1,78,Kowloon
LUNG POON COURT・LUNG SAN HOUSE (BLOCK A),2,Diamond Hill,37,426,11971,579,8808,5.1,17302,3,73,Kowloon
CENTRAL PARK TOWERS・PHASE 2 CENTRAL PARK TOWERS II・TOWER 9,3,Tin Shui Wai,14,712,9662,945,7280,6.88,23341,3,75,NT West
CENTURY GATEWAY・Phase 1・TOWER 2,2,Tuen Mun Town Centre,11,498,11244,635,8818,5.6,18998,4,78,NT West
TUEN MUN TOWN PLAZA・PHASE 2・BLOCK 2,2,Tuen Mun Town Centre,35,326,8588,448,6250,2.8,9499,7,72,NT West
CENTURY GATEWAY・Phase 1・TOWER 1,3,Tuen Mun Town Centre,11,718,12534,923,9750,9.0,30533,4,77,NT West
CENTURY GATEWAY・Phase 1・TOWER 5,1,Tuen Mun Town Centre,11,374,13368,478,10460,5.0,16963,4,78,NT West
CENTURY GATEWAY・Phase 1・TOWER 1,2,Tuen Mun Town Centre,11,487,11498,635,8818,5.6,18998,4,76,NT West
TUEN MUN TOWN PLAZA・PHASE 2・BLOCK 2,2,Tuen Mun Town Centre,35,325,8861,448,6428,2.88,9771,7,72,NT West
CHELSEA HEIGHTS・Phase 2・BLOCK 6,2,Tuen Mun North,23,525,9142,680,7058,4.8,16284,10,77,NT West
Beneville・BLOCK 5,2,Siu Hong,20,428,9532,578,7058,4.08,13842,1,74,HK Island
Tuen Mun Town Plaza・PHASE 1・Block 3,2,Tuen Mun Town Centre,36,393,8396,549,6010,3.3,11195,10,71,NT West
Kam Wah Garden・BLOCK A,2,Tuen Mun Town Centre,37,353,9915,483,7246,3.5,11874,4,73,NT West
Ocean Shores・PHASE 1・Tower 5,2,Tiu Keng Leng,23,511,14050,686,10466,7.18,24359,10,74,NT East
Sun Yuen Long Centre・BLOCK 4,2,Yuen Long Station,30,466,11802,576,9548,5.5,18659,6,80,NT East
CENTURY GATEWAY・Phase 1・TOWER 5,3,Tuen Mun Town Centre,11,646,12383,838,9546,8.0,27140,4,77,NT West
The Trend Plaza・Block A,2,Tuen Mun Town Centre,36,314,9808,403,7642,3.08,10449,8,77,NT West
LOHAS PARK・PHASE 2B LE PRIME・TOWER 6 - L WING,3,Lohas Park,13,813,9840,1069,7483,8.0,27140,6,76,NT West
Century Gateway・Phase 1・Tower 1,4,Tuen Mun Town Centre,11,858,13986,1110,10810,12.0,40711,4,77,NT West
Parkland Villas・BLOCK 1,3,Siu Hong,23,499,9378,715,6545,4.68,15877,10,69,HK Island
Beneville・Block 2,2,Siu Hong,20,428,9532,577,7071,4.08,13842,1,74,HK Island
HOLLYWOOD TERRACE・BLOCK A,2,Sheung Wan,24,615,19512,755,15894,12.0,40711,6,81,HK Island
The Trend Plaza・Block A,2,Tuen Mun Town Centre,36,409,9290,516,7364,3.8,12892,8,79,NT West
THE BELCHER'S・PHASE 1・TOWER 3,2,Mid-Levels West,23,667,22488,852,17605,15.0,50888,2,78,HK Island
CITY GARDEN・PHASE 2・BLOCK 12,3,North Point,38,773,12134,870,10781,9.38,31822,6,88,HK Island
LOHAS PARK・PHASE 2A  LE PRESTIGE・WATER LILIES (TOWER 5 - R WING,3,Lohas Park,14,717,11018,946,8350,7.9,26801,8,75,NT West
OCEAN SHORES・Phase 1・TOWER 1,2,Tiu Keng Leng,23,504,16865,676,12573,8.5,28837,10,74,NT East
TANNER GARDEN・BLOCK 1,3,North Point,33,654,16819,794,13853,11.0,37318,4,82,HK Island
YOHO TOWN・PHASE 2 YOHO MIDTOWN・BLOCK M7,2,Yuen Long Station,14,507,13412,655,10381,6.8,23069,5,77,NT East
PARKLAND VILLAS・BLOCK 1,2,Siu Hong,23,376,9308,548,6386,3.5,11874,10,68,HK Island
YOHO TOWN・Phase 1・BLOCK 2,2,Yuen Long Station,20,393,15470,525,11580,6.08,20627,10,74,NT East
Yoho Town・Phase 2 Yoho Midtown・Block M2,2,Yuen Long Station,14,443,14176,573,10959,6.28,21305,5,77,NT East
ISLAND HARBOURVIEW・TOWER 3,2,Olympic Station,24,457,17286,609,12972,7.9,26801,6,75,HK Island
SIU HONG COURT・SIU NING HOUSE (BLOCK S),2,Siu Hong,39,447,7158,539,5936,3.2,10856,1,82,HK Island
THE TREND PLAZA・BLOCK C,2,Tuen Mun Town Centre,36,346,10693,452,8185,3.7,12552,8,76,NT West
Beneville・Block 3,2,Siu Hong,20,445,10516,580,8068,4.68,15877,1,76,HK Island
Island Harbourview・Tower 9,2,Olympic Station,24,468,24957,641,18221,11.68,39625,6,73,HK Island
KAILEY COURT,2,Tin Hau,31,333,13513,466,9656,4.5,15266,6,71,HK Island
CITY ONE SHATIN・SITE 3・BLOCK 32,2,City One Shatin,41,451,12860,562,10320,5.8,19677,8,80,NT East
TUNG CHUNG CRESCENT・Phase 2・BLOCK 6,2,Tung Chung Town Centre,25,607,11828,832,8629,7.18,24359,2,72,NT West
CARIBBEAN COAST・Phase 3 Carmel Cove・LUX LIVING (TOWER 12),3,Tung Chung Town Centre,19,748,9866,1013,7285,7.38,25037,4,73,NT West
COASTAL SKYLINE・PHASE 3 LA ROSSA・LA ROSSA A (TOWER 7),3,Tung Chung Town Centre,17,777,12226,1000,9500,9.5,32229,9,77,NT West
HONG LAI GARDEN・BLOCK 1,2,Tuen Mun Town Centre,35,363,9311,486,6954,3.38,11467,5,74,NT West
CHELSEA HEIGHTS・Phase 2・BLOCK 7,3,Tuen Mun North,23,710,10281,925,7891,7.3,24766,10,76,NT West
SCENEWAY GARDEN・BLOCK 7,3,Lam Tin,32,614,12508,783,9808,7.68,26055,1,78,NT West
FLORIENT RISE・TOWER 3,2,Olympic Station,15,593,19814,809,14524,11.75,39862,1,73,HK Island
CITY ONE SHATIN・SITE 4・BLOCK 39,2,City One Shatin,39,304,14407,410,10682,4.38,14859,6,74,NT East
Taikoo Shing・HORIZON GARDENS・(T-58)  Choi Tien Mansion,3,Taikoo Shing,37,792,19570,907,17089,15.5,45072,3,87,NT West
MOD595,2,Prince Edward,17,483,15320,696,10632,7.4,25105,5,69,Kowloon
Grand Seaview Heights,2,Tin Hau,22,356,25280,544,16544,9.0,30533,1,65,HK Island
Villa Oceania・Block 7,2,Ma On Shan,25,558,13405,733,10204,7.48,25376,6,76,NT East
Park Avenue・PHASE 1・Tower 8,2,Olympic Station,23,449,19599,618,14239,8.8,29854,6,72,HK Island
CITY ONE SHATIN・SITE 2・BLOCK 21,2,City One Shatin,42,327,13761,395,11392,4.5,15266,9,82,NT East
NEW KWAI FONG GARDENS・BLOCK B,2,Ha Kwai Chung,41,418,13110,510,10745,5.48,18591,2,81,NT East
TAIKOO SHING・HARBOUR VIEW GARDENS (WEST)・(T-36)  OAK MANSION,3,Taikoo Shing,40,1114,18850,1237,16976,21.0,61066,4,90,NT West
YOHO TOWN・PHASE 2 YOHO MIDTOWN・BLOCK M3,3,Yuen Long Station,14,615,14146,803,10834,8.7,29515,5,76,NT East
Whampoa Garden・Phase 2 Cherry Mansions・Block 11,2,Whampoa,37,389,15038,469,12473,5.85,19846,3,82,Kowloon
SMITHFIELD TERRACE・BLOCK C,2,Kennedy Town,38,314,21910,413,16658,6.88,23341,10,76,HK Island
Century Gateway・Phase 1・Tower 1,4,Tuen Mun Town Centre,11,858,14428,1110,11153,12.38,42000,4,77,NT West
SIU HONG COURT・SIU YAN HOUSE (BLOCK G),2,Siu Hong,41,483,6625,588,5442,3.2,10856,1,82,HK Island
The Parcville・TOWER 5,2,Yuen Long Station,22,460,10434,606,7920,4.8,16284,10,75,NT East
YAT NGA COURT・YAT YAN HOUSE (BLOCK B),3,Tai Po Town Centre,32,566,8268,754,5830,4.68,15877,4,75,NT West
TELFORD GARDENS・BLOCK F,2,Kowloon Bay,44,556,10251,625,9120,5.7,19338,2,88,Kowloon
Yoho Town・PHASE 1・Block 9,2,Yuen Long Station,20,422,13270,544,10294,5.6,18998,10,77,NT East
KWAI FONG TERRACE・BLOCK 3,2,Ha Kwai Chung,40,473,10570,590,8474,5.0,16963,3,80,NT East
YOHO TOWN・Phase 1・BLOCK 1,2,Yuen Long Station,20,433,13394,579,10017,5.8,19677,10,74,NT East
Villa By The Park・Block 5,2,Yuen Long Town Centre,21,428,10116,570,7596,4.33,14690,10,75,NT East
VILLA BY THE PARK・BLOCK 3,2,Yuen Long Town Centre,21,431,10417,570,7877,4.49,15233,10,75,NT East
Century Gateway・Phase 1・Tower 5,1,Tuen Mun Town Centre,11,375,13333,478,10460,5.0,16963,4,78,NT West
SIU HONG COURT・SIU YAN HOUSE (BLOCK G),2,Siu Hong,41,466,7532,567,6190,3.51,11908,1,82,HK Island
THE METRO CITY・PHASE 2・TOWER 1,3,Po Lam,24,545,14587,764,10405,7.95,26971,7,71,NT East
The Parcville・TOWER 8,2,Yuen Long Station,22,509,9430,673,7132,4.8,16284,10,75,NT East
TAIKOO SHING・ON SHING TERRACE・(T-32)  KO ON MANSION,2,Taikoo Shing,43,580,15517,675,13333,9.0,30533,6,85,NT West
TUNG CHUNG CRESCENT・Phase 1・BLOCK 3,2,Tung Chung Town Centre,25,521,11861,715,8643,6.18,20966,5,72,NT West
SORRENTO・PHASE 2・BLOCK 1,3,Kowloon Station,20,1119,27256,1445,21107,30.5,73909,3,77,Kowloon
FANLING CENTRE・PHASE 1・BLOCK B,3,Fanling,33,535,10841,688,8430,5.8,19677,5,77,NT East
SHATIN PLAZA・RICHMOND TOWER (BLOCK A),3,Sha Tin,37,612,14133,774,11175,8.65,29346,10,79,NT East
VISTA PARADISO・Phase 1・TOWER 11,3,Ma On Shan,26,794,10768,983,8697,8.55,29006,8,80,NT East
TAI PO CENTRE・PHASE 4・BLOCK 9,2,Tai Po Town Centre,38,371,11536,517,8278,4.28,14520,3,71,NT West
Kennedy Park At Central,3,Mid-Levels Central,10,1452,36501,2007,26407,53.0,128432,3,72,HK Island
AVON PARK・BLOCK 3,2,Fanling,30,441,10408,568,8080,4.59,15572,9,77,NT East
ROYAL COURT,3,Mid-Levels Central,29,702,21766,919,16626,15.28,44433,8,76,HK Island
HILTON PLAZA・BLOCK C,3,Sha Tin,38,475,13894,757,8718,6.6,22391,5,62,NT East
Kam Hay Court・Kam Yan House (Block B),2,Ma On Shan,34,401,8428,515,6563,3.38,11467,8,77,NT East
ELIZABETH HOUSE・BLOCK A,2,Causeway Bay,45,540,19444,623,16853,10.5,35622,2,86,HK Island
HILLSBOROUGH COURT・TOWER 1,3,Mid-Levels Central,31,1190,28151,1385,24187,33.5,81179,10,85,HK Island
FANLING CENTRE・PHASE 1・BLOCK F,2,Fanling,33,368,10271,470,8042,3.78,12824,5,78,NT East
The Sparkle・BLOCK 1,2,Four Little Dragons,16,505,14257,709,10155,7.2,24426,4,71,NT West
YAN MING COURT・YAN KUK HOUSE (BLOCK E),3,Po Lam,34,554,7581,711,5907,4.2,14249,6,77,NT East
LAICHIKOK BAY GARDEN・BLOCK B,2,Lai Wan,47,435,11954,518,10038,5.2,17641,6,83,NT West
TELFORD GARDENS・BLOCK Q,2,Kowloon Bay,42,540,10185,603,9121,5.5,18659,2,89,Kowloon
HONG LAI GARDEN・BLOCK 2,2,Tuen Mun Town Centre,35,362,10773,469,8315,3.9,13231,5,77,NT West
YAT NGA COURT・YAT WING HOUSE (BLOCK A),2,Tai Po Town Centre,32,376,13829,500,8510,5.2,17641,4,75,NT West
BILLIONNAIRE ROYALE,3,Wong Tai Sin,14,930,14516,1214,11120,13.5,45799,7,76,Kowloon
SHEUNG SHUI CENTRE・BLOCK 5,2,Sheung Shui,30,350,11714,455,9010,4.1,13909,3,76,NT East
NAN FUNG SUN CHUEN・BLOCK 12,2,Quarry Bay,45,391,14322,474,11814,5.6,18998,6,82,HK Island
TAIKOO SHING・SING FAI TERRACE・(T-53)  NGAN SING MANSION,3,Taikoo Shing,41,719,17663,815,15582,12.7,43085,4,88,NT West
CHEONG YUE MANSION,1,Kennedy Town,44,267,13108,386,9067,3.5,11874,4,69,HK Island
GREEN LEAVES GARDEN・BLOCK A,2,Sha Tin,37,421,12541,523,10095,5.28,17913,9,80,NT East
KAM ON COURT・PO ON HOUSE (BLOCK C),2,Heng On,36,401,10673,512,8359,4.28,14520,6,78,NT East
CENTURY GATEWAY・Phase 1・TOWER 1,3,Tuen Mun Town Centre,11,722,12465,923,9750,9.0,30533,4,78,NT West
CENTURY GATEWAY・PHASE 1・TOWER 5,3,Tuen Mun Town Centre,11,646,12662,839,9749,8.18,27751,4,76,NT West
EMERALD GREEN・BLOCK 2,2,Yuen Long Town Centre,14,526,10513,686,8061,5.53,18761,2,76,NT East
WHAMPOA GARDEN・PHASE 2 CHERRY MANSIONS・BLOCK 16,2,Whampoa,37,389,16401,469,13603,6.38,21644,3,82,Kowloon
Wah Wai Mansion,2,Jordan,44,321,13395,420,10238,4.3,14588,5,76,Kowloon
CENTURY GATEWAY・Phase 1・TOWER 1,3,Tuen Mun Town Centre,11,619,12924,817,9791,8.0,27140,4,75,NT West
PARKVIEW COURT,2,Tuen Mun Town Centre,24,418,8803,589,6247,3.68,12485,10,70,NT West
THE METRO CITY・PHASE 1・TOWER 5,1,Po Lam,27,364,14230,487,10636,5.18,17573,3,74,NT East
METRO TOWN・Phase 1・TOWER 3,2,Tiu Keng Leng,18,487,14989,657,11111,7.3,24766,5,74,NT East
OCEAN SHORES・Phase 2・TOWER 8,2,Tiu Keng Leng,22,498,12811,683,9341,6.38,21644,8,72,NT East
Park Central・Phase 2・Tower 2,3,Tseung Kwan O,21,684,12426,908,9361,8.5,28837,4,75,NT East
Park Central・PHASE 1・Tower 8,2,Tseung Kwan O,22,406,15270,546,11355,6.2,21034,5,74,NT East
Tseung Kwan O Plaza・Phase 1・Tower 3,2,Tseung Kwan O,21,429,13869,590,10084,5.95,20186,5,72,NT East
The Belcher's・PHASE 1・Tower 2,2,Mid-Levels West,23,664,21837,858,16899,14.5,49192,2,77,HK Island
The Metro City・Phase 1・Tower 3,2,Po Lam,27,420,13809,584,9931,5.8,19677,3,71,NT East
TSEUNG KWAN O PLAZA・PHASE 1・TOWER 3A,3,Tseung Kwan O,21,533,14634,708,11016,7.8,26462,5,75,NT East
Park Central・PHASE 2・Tower 3,2,Tseung Kwan O,21,465,12473,617,9400,5.8,19677,4,75,NT East
Chelsea Court・TOWER SOUTH (A2),2,Tsuen Wan West,19,464,13750,647,9860,6.38,21644,10,71,NT West
TSEUNG KWAN O PLAZA・PHASE 1・TOWER 3,2,Tseung Kwan O,21,429,15850,590,11525,6.8,23069,5,72,NT East
Ocean Shores・PHASE 3・Tower 16,2,Tiu Keng Leng,21,517,14294,707,10452,7.39,25071,5,73,NT East
PARK CENTRAL・PHASE 1・TOWER 5,3,Tseung Kwan O,22,684,13888,899,10567,9.5,32229,5,76,NT East
Festival City・PHASE 3・Tower 3,3,Tai Wai,12,958,16492,1264,12500,15.8,45945,2,75,NT West
The Wings・II・Tower 3A,3,Tseung Kwan O,10,1000,19800,1250,15840,19.8,57576,4,80,NT East
THE METRO CITY・PHASE 1・TOWER 2,3,Po Lam,27,526,12167,732,8743,6.4,21712,3,71,NT East
Chelsea Court・TOWER SOUTH (A2),2,Tsuen Wan West,19,474,12658,648,9259,6.0,20355,10,73,NT West
THE GRANDIOSE・BLOCK 3,2,Tseung Kwan O,18,456,14912,600,11333,6.8,23069,3,76,NT East
TSEUNG KWAN O PLAZA・PHASE 1・TOWER 1,2,Tseung Kwan O,21,429,15104,589,11001,6.48,21984,5,72,NT East
The Palazzo・BLOCK 1,3,Fo Tan,15,680,19970,888,15292,13.58,46071,3,76,NT East
The Belcher's・Phase 1・Tower 1,5,Mid-Levels West,23,1447,31098,1831,24576,45.0,109046,2,79,HK Island
VISION CITY・BLOCK 6,2,Tsuen Wan West,17,508,17716,671,13412,9.0,30533,10,75,NT West
TSEUNG KWAN O PLAZA・PHASE 2・TOWER 7,3,Tseung Kwan O,20,728,13873,985,10253,10.1,34265,3,73,NT East
VISION CITY・BLOCK 5,3,Tsuen Wan West,17,742,18059,986,13590,13.4,45460,10,75,NT West
Chelsea Court・TOWER WEST (B1),2,Tsuen Wan West,19,464,13577,643,9797,6.3,21373,10,72,NT West
DISCOVERY PARK・PHASE 3・BLOCK 10,2,Discovery Park,26,493,12738,610,10295,6.28,21305,6,80,NT West
TSUEN WAN PLAZA・BLOCK 1,2,Tsuen Wan Town Centre,33,433,15011,542,11992,6.5,22052,8,79,NT West
Chelsea Court・TOWER NORTH (B2),1,Tsuen Wan West,19,450,13000,608,9621,5.85,19846,10,74,NT West
INDI HOME,1,Tsuen Wan West,19,312,16666,433,12009,5.2,17641,9,72,NT West
The Metro City・PHASE 2・Tower 5,3,Po Lam,24,713,12061,992,8669,8.6,29176,7,71,NT East
THE BELCHER'S・PHASE 1・TOWER 1,3,Mid-Levels West,23,1221,24570,1597,18785,30.0,87237,2,76,HK Island
VISION CITY・BLOCK 1,2,Tsuen Wan West,17,508,20826,671,15767,10.58,35893,10,75,NT West
Discovery Park・Phase 1・Block 3,3,Discovery Park,27,582,13402,723,10788,7.8,26462,1,80,NT West
Marinella・Tower 1,3,Deep Bay,12,1368,26681,1799,20289,36.5,88449,5,76,NT East
The Belcher's・Phase 2・Tower 5,3,Mid-Levels West,22,1111,27002,1409,21291,30.0,87237,2,78,HK Island
Man Lai Court・BLOCK 4,2,Tai Wai,31,637,13343,750,11333,8.5,28837,5,84,NT West
THE METRO CITY・PHASE 2・TOWER 5,3,Po Lam,24,659,12716,926,9049,8.38,28430,7,71,NT East
LUK YEUNG SUN CHUEN・BLOCK J,2,Luk Yeung,41,445,13932,511,12133,6.2,21034,4,87,NT West
DISCOVERY PARK・PHASE 3・BLOCK 9,3,Discovery Park,26,652,14723,811,11837,9.6,32568,6,80,NT West
CHELSEA COURT・TOWER NORTH (B2),2,Tsuen Wan West,19,471,14437,646,10526,6.8,23069,10,72,NT West
The Belcher's・Phase 1・Tower 1,5,Mid-Levels West,23,1413,27600,1830,21311,39.0,94507,2,77,HK Island
Tsuen Wan Town Square・Block A,3,Tsuen Wan Town Centre,34,608,13980,787,10800,8.5,28837,5,77,NT West
The Beaumount・Phase 1・Tower 1,2,Lohas Park,10,498,11686,658,8844,5.82,19745,10,75,NT West
VISION CITY・BLOCK 6,2,Tsuen Wan West,17,523,17934,687,13653,9.38,31822,10,76,NT West
PARK TOWERS・TOWER 1,2,Tin Hau,35,998,33567,1276,26253,33.5,81179,1,78,HK Island
HOLLYWOOD TERRACE・BLOCK A,2,Sheung Wan,24,616,20292,757,16512,12.5,42407,6,81,HK Island
PRIMROSE HILL・TOWER 2,3,Tai Wo Hau,14,642,19470,840,14880,12.5,42407,6,76,NT West
BROADVIEW TERRACE,3,North Point Mid-Levels,50,1035,16908,1277,13703,17.5,50888,11,81,HK Island
THE MERTON・TOWER 1,3,Kennedy Town,19,651,22427,887,16459,14.6,49531,6,73,HK Island
OCEAN SHORES・Phase 1・TOWER 1,3,Tiu Keng Leng,23,658,13677,893,10078,9.0,30533,10,73,NT East
PARK CENTRAL・PHASE 2・TOWER 3,2,Tseung Kwan O,21,465,15010,617,11312,6.98,23680,4,75,NT East
Park Central・PHASE 1・Tower 8,2,Tseung Kwan O,22,436,14220,581,10671,6.2,21034,5,75,NT East
THE METRO CITY・PHASE 2・TOWER 8,2,Po Lam,24,363,13719,515,9669,4.98,16895,7,70,NT East
THE METRO CITY・PHASE 2・TOWER 8,2,Po Lam,24,441,14739,617,10534,6.5,22052,7,71,NT East
Beneville・BLOCK 5,2,Siu Hong,20,428,11775,578,8719,5.04,17098,1,74,HK Island
80 ROBINSON ROAD・BLOCK 1,4,Mid-Levels West,23,2059,67022,2998,46030,138.0,334408,10,68,HK Island
RESIDENCE BEL-AIR・Phase 2  South Tower・TOWER 3,3,Residence Bel-air,19,1365,23296,1681,18917,31.8,77059,2,81,HK Island
DISCOVERY PARK・PHASE 2・BLOCK 5,2,Discovery Park,26,470,13829,593,10961,6.5,22052,9,79,NT West
Park Central・Phase 2・Tower 11,2,Tseung Kwan O,21,541,15341,725,11448,8.3,28158,4,74,NT East
Ocean Shores・Phase 1・Tower 1,2,Tiu Keng Leng,23,505,15049,692,10982,7.6,25783,10,72,NT East
Park Central・PHASE 1・Tower 8,2,Tseung Kwan O,22,384,19270,527,14041,7.4,25105,5,72,NT East
H CUBE,1,Tsuen Wan West,18,308,15259,448,10491,4.7,15945,8,68,NT West
VISION CITY・BLOCK 6,2,Tsuen Wan West,17,508,17677,672,13363,8.98,30465,10,75,NT West
Luk Yeung Sun Chuen・Block J,2,Luk Yeung,41,451,11086,518,9652,5.0,16963,4,87,NT West
Vision City・BLOCK 2,2,Tsuen Wan West,17,522,21800,690,16492,11.38,38607,10,75,NT West
Chelsea Court・TOWER NORTH (B2),2,Tsuen Wan West,19,494,14777,628,11624,7.3,24766,10,78,NT West
The Trend Plaza・Block E,1,Tuen Mun Town Centre,36,272,12500,364,9340,3.4,11535,8,74,NT West
METRO HARBOUR VIEW・PHASE II・TOWER 5,2,Tai Kok Tsui,21,347,14985,499,10420,5.2,17641,10,69,NT West
SEYMOUR PLACE,3,Mid-Levels West,30,921,21172,1226,15905,19.5,56704,10,75,HK Island
80 Robinson Road・Block 2,3,Mid-Levels West,23,855,36116,1154,26759,30.88,74830,10,74,HK Island
NEW KWAI FONG GARDENS・BLOCK E,2,Ha Kwai Chung,41,418,11913,510,9764,4.98,16895,2,81,NT East
City One Shatin・Site 5・Block 49,2,City One Shatin,38,284,15774,395,11341,4.48,15199,7,71,NT East
MARINELLA・TOWER 6,4,Deep Bay,12,1807,44161,2323,34352,79.8,193375,5,77,NT East
CITY ONE SHATIN・Site 6・BLOCK 24,3,City One Shatin,38,447,14765,562,11743,6.6,22391,10,79,NT East
OCEAN SHORES・PHASE 2・TOWER 8,2,Tiu Keng Leng,22,497,13983,678,10250,6.95,23578,8,73,NT East
SKYLINE PLAZA,3,Tsuen Wan West,29,643,14121,850,10682,9.08,30804,9,75,NT West
Harbour Green・TOWER 3,1,Olympic Station,17,482,19253,625,14848,9.28,31483,7,77,HK Island
DISCOVERY PARK・Phase 1・BLOCK 3,2,Discovery Park,27,495,12525,610,10163,6.2,21034,1,81,NT West
NO. 1 PO SHAN ROAD・BLOCK 2,3,Mid-Levels West,22,1943,32424,2471,25495,63.0,152665,6,78,HK Island
Riviera Gardens・Hoi Chu Mansion (Block 2),2,Tsuen Wan Hoi Bun,36,577,12131,696,10057,7.0,23748,10,82,NT West
SOUTH HORIZONS・PHASE 3・Mei Chun Court (Block 21),2,South Horizons,30,581,14285,745,11140,8.3,28158,5,77,HK Island
THE TREND PLAZA・BLOCK B,2,Tuen Mun Town Centre,36,409,9290,516,7364,3.8,12892,8,79,NT West
Park Central・Phase 2・Tower 12,2,Tseung Kwan O,21,467,14561,620,10967,6.8,23069,4,75,NT East
The Palazzo・Block 2,3,Fo Tan,15,696,16235,892,12668,11.3,38336,3,78,NT East
CARIBBEAN COAST・PHASE 3 CARMEL COVE・TOWER 11,2,Tung Chung Town Centre,19,563,11190,749,8411,6.3,21373,4,75,NT West
HARBOUR GREEN・TOWER 5,2,Olympic Station,17,482,16182,625,12480,7.8,26462,7,77,HK Island
Island Harbourview・Tower 7,3,Olympic Station,24,710,20845,947,15628,14.8,50210,6,74,HK Island
Coastal Skyline・Phase 4 Le Bleu Deux・Block 6,3,Tung Chung Town Centre,16,749,14018,980,10714,10.5,35622,10,76,NT West
Seaview Crescent・BLOCK 1,2,Tung Chung Town Centre,22,521,12610,696,9439,6.57,22289,10,74,NT West
ISLAND PLACE・BLOCK 1 (ONE ISLAND PLACE),3,North Point,27,746,16058,933,12840,11.98,40643,3,79,HK Island
TSUEN KING GARDEN・PHASE 1・BLOCK 1,2,Tsuen King Circuit,37,434,9631,573,7294,4.18,14181,4,75,NT West
LUK YEUNG SUN CHUEN・BLOCK E,2,Luk Yeung,40,451,14634,518,12741,6.6,22391,4,87,NT West
THE WINGS・II・TOWER 1A,3,Tseung Kwan O,10,839,17878,1070,14018,15.0,50888,4,78,NT East
Caribbean Coast・PHASE 4 CRYSTAL COVE・Tower 15,2,Tung Chung Town Centre,17,565,12035,749,9078,6.8,23069,10,75,NT West
One Silversea・Tower 5,5,Olympic Station,18,1918,35453,2446,27800,68.0,164781,10,78,HK Island
SCENEWAY GARDEN・BLOCK 2,2,Lam Tin,32,537,11545,680,9117,6.2,21034,1,78,NT West
Villa By The Park・BLOCK 2,2,Yuen Long Town Centre,21,398,11005,530,8264,4.38,14859,10,75,NT East
LIME HABITAT,1,North Point,13,344,18255,443,14176,6.28,21305,6,77,HK Island
RESIDENCE BEL-AIR・Phase 1・TOWER 1,2,Residence Bel-air,20,858,26806,1035,22222,23.0,66882,8,82,HK Island
Caribbean Coast・PHASE 2 ALBANY COVE・Tower 8,3,Tung Chung Town Centre,19,729,11385,986,8417,8.3,28158,3,73,NT West
FLORIENT RISE・TOWER 2,3,Olympic Station,15,792,23989,1080,17592,19.0,55250,1,73,HK Island
TUNG CHUNG CRESCENT・PHASE 2・BLOCK 7,3,Tung Chung Town Centre,25,868,11290,1154,8492,9.8,33247,2,75,NT West
Yoho Town・PHASE 1・Block 9,2,Yuen Long Station,20,422,14218,544,11029,6.0,20355,10,77,NT East
COASTAL SKYLINE・PHASE 3 LA ROSSA・LA ROSSA A (TOWER 7),2,Tung Chung Town Centre,17,569,13181,745,10067,7.5,25444,9,76,NT West
CARIBBEAN COAST・PHASE 2 ALBANY COVE・TOWER 6,2,Tung Chung Town Centre,19,550,11818,729,8916,6.5,22052,3,75,NT West
The Palazzo・Block 8,3,Fo Tan,15,1409,18807,1815,14600,26.5,77059,3,77,NT East
CLAGUE GARDEN ESTATE・TOWER A,2,Tsuen Wan West,35,543,10497,646,8823,5.7,19338,10,84,NT West
LOHAS PARK・PHASE 1 THE CAPITOL・MADRID (TOWER 2 - R WING),3,Lohas Park,15,680,10691,901,8068,7.27,24664,6,75,NT West
Villa Athena・BLOCK 6,2,Ma On Shan,29,727,11691,901,9433,8.5,28837,8,80,NT East
Ocean Shores・PHASE 2・Tower 7,2,Tiu Keng Leng,22,498,15662,683,11420,7.8,26462,8,72,NT East
METRO TOWN・Phase 1・TOWER 5,3,Tiu Keng Leng,18,678,15486,943,11134,10.5,35622,5,71,NT East
PARK CENTRAL・PHASE 2・TOWER 12,2,Tseung Kwan O,21,467,15631,620,11774,7.3,24766,4,75,NT East
LEI KING WAN・Sites C・BLOCK 11 YEE HOI MANSION,2,Sai Wan Ho,35,498,13654,582,11683,6.8,23069,6,85,HK Island
YOHO TOWN・PHASE 1・BLOCK 3,2,Yuen Long Station,20,433,13856,579,10362,6.0,20355,10,74,NT East
HARBOUR PLACE・TOWER 7,3,Whampoa,22,593,18212,770,14025,10.8,36640,7,77,Kowloon
GREENWOOD TERRACE・TOWER 2,2,Chai Wan,39,504,11111,582,9621,5.6,18998,8,86,HK Island
BEVERLY GARDEN・BLOCK 6,2,Tseung Kwan O,26,484,9669,566,8268,4.68,15877,8,85,NT East
YOHO TOWN・Phase 1・BLOCK 7,2,Yuen Long Station,20,422,13744,545,10642,5.8,19677,10,77,NT East
IMPERIAL CULLINAN・TOWER 6B,4,Olympic Station,12,1164,30756,1481,24172,35.8,86752,9,78,HK Island
Sceneway Garden・BLOCK 5,2,Lam Tin,32,537,13407,680,10588,7.2,24426,1,78,NT West
Park Royale・TOWER 5,3,Yuen Long Town Centre,25,656,8506,876,6369,5.58,18930,1,74,NT East
CITY ONE SHATIN・SITE 4・BLOCK 37,2,City One Shatin,39,284,13661,395,9822,3.88,13163,6,71,NT East
RESIDENCE BEL-AIR・Phase 2  South Tower・TOWER 5,3,Residence Bel-air,19,1320,25757,1621,20974,34.0,82390,2,81,HK Island
SUN YUEN LONG CENTRE・BLOCK 4,2,Yuen Long Station,30,466,10622,576,8593,4.95,16793,6,80,NT East
MARINELLA・TOWER 1,3,Deep Bay,12,1368,39327,1799,29905,53.8,130371,5,76,NT East
Le Sommet・BLOCK 2,3,North Point Mid-Levels,24,779,20539,1035,15458,16.0,46526,4,75,HK Island
The Wings・II・Tower 3A,3,Tseung Kwan O,10,648,18209,832,14182,11.8,40032,4,77,NT East
THE RIVERPARK・TOWER 5,3,Tai Wai,11,718,16713,948,12658,12.0,40711,2,75,NT West
YOHO TOWN・PHASE 2 YOHO MIDTOWN・BLOCK M1,2,Yuen Long Station,14,443,14446,573,11169,6.4,21712,5,77,NT East
THE WINGS・THE WINGS・TOWER 3,3,Tseung Kwan O,13,873,17159,1128,13280,14.98,50820,1,77,NT East
CHELSEA COURT・TOWER NORTH (B2),2,Tsuen Wan West,19,559,15384,773,11125,8.6,29176,10,72,NT West
Grand Promenade・TOWER 5,3,Sai Wan Ho,19,675,22637,928,16465,15.28,44433,6,72,HK Island
DISCOVERY PARK・PHASE 3・BLOCK 10,3,Discovery Park,26,658,12127,822,9708,7.98,27073,6,80,NT West
CARIBBEAN COAST・PHASE 2 ALBANY COVE・TOWER 7,3,Tung Chung Town Centre,19,897,11705,1192,8808,10.5,35622,3,75,NT West
Hilton Plaza・Block A,2,Sha Tin,38,412,14393,670,8850,5.93,20118,5,61,NT East
Greenview Garden・Block B,3,Tai Wai,37,688,12354,852,9976,8.5,28837,10,80,NT West
Fanling Town Center・Brilliant Court (Block 2),2,Fanling,31,399,11278,533,8442,4.5,15266,1,74,NT East
Harbourfront Landmark・Tower 2,4,Laguna,22,1600,28125,2139,21037,45.0,109046,3,74,NT West
Harbour Green・Tower 6,2,Olympic Station,17,477,20754,621,15942,9.9,33586,7,76,HK Island
TAIKOO SHING・HARBOUR VIEW GARDENS (EAST)・(T-40)  BEGONIA MANSION,3,Taikoo Shing,39,897,16722,983,15259,15.0,50888,7,91,NT West
The Waterfront・Phase 1・Tower 2,3,Kowloon Station,23,794,22670,983,18311,18.0,52342,4,80,Kowloon
Harbour Green・Tower 6,2,Olympic Station,17,511,19549,662,15090,9.99,33892,7,77,HK Island
KINGSWOOD VILLAS・PHASE 2 SHERWOOD COURT・BLOCK 2,3,Tin Shui Wai,31,636,8490,824,6553,5.4,18320,5,77,NT West
Sun Kwai Hing Gardens・BLOCK C,2,Ha Kwai Chung,41,480,13541,594,10942,6.5,22052,3,80,NT East
The Metro City・Phase 2・Tower 11,2,Po Lam,24,441,14240,617,10178,6.28,21305,7,71,NT East
One Silversea・TOWER 5,5,Olympic Station,18,1918,35453,2446,27800,68.0,164781,10,78,HK Island
THE WATERFRONT・Phase 1・TOWER 1,3,Kowloon Station,23,1076,26022,1388,20172,28.0,81421,4,77,Kowloon
CENTURY GATEWAY・PHASE 1・TOWER 2,4,Tuen Mun Town Centre,11,1348,28931,1777,21947,39.0,94507,4,75,NT West
Taikoo Shing・ON SHING TERRACE・(T-31)  Kin On Mansion,2,Taikoo Shing,44,503,16898,600,14166,8.5,28837,6,83,NT West
Taikoo Shing・Kam Din Terrace・(T-21)  Yuan Kung Mansion,3,Taikoo Shing,45,702,23504,800,20625,16.5,47980,3,87,NT West
KINGSWOOD VILLAS・PHASE 5 LYNWOOD COURT・BLOCK 2,2,Tin Shui Wai,28,446,9417,581,7228,4.2,14249,7,76,NT West
Park Haven,1,Causeway Bay,10,465,19354,627,14354,9.0,30533,6,74,HK Island
Lions Rise・Tower 6B,4,Wong Tai Sin,12,946,18498,1225,14285,17.5,50888,4,77,Kowloon
Banyan Garden・Phase 3・Tower 6,2,Four Little Dragons,20,440,16318,630,11396,7.18,24359,8,69,NT West
The Latitude・Tower 7,4,San Po Kong,13,1034,17408,1332,13513,18.0,52342,1,77,Kowloon
Liberte・Block 1,2,Four Little Dragons,21,491,15641,647,11870,7.68,26055,8,75,NT West
TSUEN WAN TOWN SQUARE・BLOCK B,3,Tsuen Wan Town Centre,34,745,16778,959,13034,12.5,42407,5,77,NT West
THE WINGS・THE WINGS・TOWER 7,2,Tseung Kwan O,13,538,18215,697,14060,9.8,33247,1,77,NT East
METRO HARBOUR VIEW・PHASE II・TOWER 8,2,Tai Kok Tsui,21,436,15366,595,11260,6.7,22730,10,73,NT West
THE MASTERPIECE,3,Tsim Sha Tsui,15,1474,55630,2062,39767,82.0,198706,1,71,HK Island
COASTAL SKYLINE・PHASE 3 LA ROSSA・LA ROSSA B (TOWER 8),3,Tung Chung Town Centre,17,765,12000,1011,9080,9.18,31144,9,75,NT West
Kornhill・BLOCK P (FLAT 9 - 16),3,Kornhill,37,616,17045,762,13779,10.5,35622,9,80,HK Island
HARBOURFRONT LANDMARK・TOWER 2,3,Laguna,22,1420,29577,1931,21750,42.0,101776,3,73,NT West
ISLAND HARBOURVIEW・TOWER 2,2,Olympic Station,24,495,17777,673,13075,8.8,29854,6,73,HK Island
Whampoa Estate・YUEN KWAI BUILDING (BLOCK B),2,Whampoa,48,356,13202,520,9038,4.7,15945,2,68,Kowloon
PARK CENTRAL・PHASE 1・TOWER 6,2,Tseung Kwan O,22,465,13978,617,10534,6.5,22052,5,75,NT East
Villa Athena・Block 8,4,Ma On Shan,29,1718,12398,2075,10265,21.3,61938,8,82,NT East
Tsuen Fung Centre,2,Tsuen Wan Town Centre,37,376,12101,498,9136,4.55,15436,4,75,NT West
Yoho Town・PHASE 1・Block 9,2,Yuen Long Station,20,422,14454,544,11213,6.1,20695,10,77,NT East
OCEAN SHORES・PHASE 3・TOWER 17,3,Tiu Keng Leng,21,831,14199,1086,10865,11.8,40032,5,76,NT East
Tsuen King Garden・Phase 1・Block 2,2,Tsuen King Circuit,37,408,11274,499,9218,4.6,15606,4,81,NT West
The Belcher's・Phase 1・Tower 1,3,Mid-Levels West,23,889,23959,1147,18570,21.3,61938,2,77,HK Island
THE WINGS・II・TOWER 2A,4,Tseung Kwan O,10,943,19088,1200,15000,18.0,52342,4,78,NT East
GALAXIA・TOWER C,2,Diamond Hill,26,593,14131,761,11011,8.38,28430,1,77,Kowloon
Indi Home,2,Tsuen Wan West,19,424,13679,591,9813,5.8,19677,9,71,NT West
Discovery Park・Phase 3・Block 10,3,Discovery Park,26,658,12917,822,10340,8.5,28837,6,80,NT West
Mountain Shore・Block 2,3,Ma On Shan,24,671,12071,901,8990,8.1,27480,7,74,NT East
GRAND PROMENADE・TOWER 6,3,Sai Wan Ho,19,749,22429,1032,16279,16.8,48853,6,72,HK Island
Vista Paradiso・Phase 1・Tower 11,3,Ma On Shan,26,787,10546,978,8486,8.3,28158,8,80,NT East
LUK YEUNG SUN CHUEN・BLOCK P,2,Luk Yeung,40,445,12584,511,10958,5.6,18998,4,87,NT West
TSUEN KING GARDEN・PHASE 1・BLOCK 4,2,Tsuen King Circuit,36,362,9944,450,8000,3.6,12213,4,80,NT West
PARKLAND VILLAS・BLOCK 1,3,Siu Hong,23,499,9779,715,6825,4.88,16556,10,69,HK Island
KINGSWOOD VILLAS・PHASE 2 SHERWOOD COURT・BLOCK 2,2,Tin Shui Wai,31,448,9598,586,7337,4.3,14588,5,76,NT West
THE GRANDIOSE・BLOCK 3,3,Tseung Kwan O,18,651,17665,869,13233,11.5,39014,3,74,NT East
FANLING CENTRE・PHASE 2・BLOCK J,3,Fanling,32,510,10000,658,7750,5.1,17302,5,77,NT East
PARKLAND VILLAS・BLOCK 6,3,Siu Hong,23,499,10621,715,7412,5.3,17981,10,69,HK Island
COASTAL SKYLINE・PHASE 4 LE BLEU DEUX・BLOCK 6,2,Tung Chung Town Centre,16,549,13661,725,10344,7.5,25444,10,75,NT West
I‧Uniq Grand,2,Sai Wan Ho,10,490,20408,638,15673,10.0,33925,3,76,HK Island
TIN YAU COURT・YAU TAI HOUSE (BLOCK C),3,Tin Shui Wai,31,606,7062,829,5162,4.28,14520,10,73,NT West
Taikoo Shing・KAO SHAN TERRACE・(T-10)  Nan Shan Mansion,2,Taikoo Shing,46,536,14552,635,12283,7.8,26462,8,84,NT West
TAIKOO SHING・TSUI WOO TERRACE・(T-01)  TUNG TING MANSION,2,Taikoo Shing,47,580,14655,678,12536,8.5,28837,5,85,NT West
BANYAN GARDEN・PHASE 3・TOWER 5,2,Four Little Dragons,20,457,15929,652,11165,7.28,24698,8,70,NT West
WELL ON GARDEN・BLOCK 3,3,Po Lam,30,502,11952,688,8720,6.0,20355,8,72,NT East
KORNHILL・BLOCK L (FLAT 9 - 16),3,Kornhill,37,605,13719,728,11401,8.3,28158,9,83,HK Island
Blessings Garden・PHASE 1,2,Mid-Levels West,29,851,18707,1105,14407,15.92,46294,12,77,HK Island
GRAND PROMENADE・TOWER 1,3,Sai Wan Ho,19,658,23556,911,17014,15.5,45072,6,72,HK Island
TAI PO CENTRE・PHASE 3・BLOCK 21,2,Tai Po Town Centre,38,325,11076,454,7929,3.6,12213,7,71,NT West
Les Saisons・L AUTOMNE (TOWER 3),1,Sai Wan Ho,22,602,26578,756,21164,16.0,46526,4,79,HK Island
BANYAN GARDEN・PHASE 1・TOWER 3,2,Four Little Dragons,21,493,15720,690,11231,7.75,26292,4,71,NT West
BAYSHORE TOWERS・TOWER 5,3,Ma On Shan,29,550,20909,739,15561,11.5,39014,5,74,NT East
ORCHID COURT,2,Yau Ma Tei,27,273,17582,453,10596,4.8,16284,6,60,Kowloon
AQUA MARINE・TOWER 5,3,Four Little Dragons,20,581,16660,783,12362,9.68,32840,9,74,NT West
Island Harbourview・TOWER 3,2,Olympic Station,24,459,19607,609,14778,9.0,30533,6,75,HK Island
RIVIERA GARDENS・HOI WAN MANSION (BLOCK 7),3,Tsuen Wan Hoi Bun,35,496,12701,632,9968,6.3,21373,10,78,NT West
SKYVIEW CLIFF,3,Mid-Levels West,29,805,16496,1006,13200,13.28,45053,5,80,HK Island
Chatham Gate・Tower 1,2,Hung Hom,11,550,19090,737,14246,10.5,35622,6,74,Kowloon
YEN SHUN MANSION,1,Cheung Sha Wan,44,222,13423,300,9933,2.98,10110,5,74,Kowloon
ROYAL PENINSULA・BLOCK 3,1,Whampoa,23,462,16017,618,11974,7.4,25105,8,74,Kowloon
CENTRAL PARK TOWERS・Phase 1・TOWER 2,2,Tin Shui Wai,16,498,11244,656,8536,5.6,18998,3,75,NT West
LOHAS PARK・Phase 2B Le Prime・TOWER 6 - L WING,4,Lohas Park,13,985,11167,1306,8422,11.0,37318,6,75,NT West
Man Fung Building,2,Yuen Long Town Centre,41,258,11550,380,7842,2.98,10110,10,67,NT East
BEL AIR HEIGHTS・BLOCK 2,3,Diamond Hill,25,577,14558,747,11244,8.4,28497,4,77,Kowloon
ISLAND RESORT・TOWER 7,3,Siu Sai Wan,23,1420,23239,2125,15529,33.0,79967,4,66,HK Island
SHATIN CENTRE・SUN NING BUILDING (BLOCK G),1,Sha Tin,42,297,16835,371,13477,5.0,16963,5,80,NT East
GLORIOUS PEAK,2,Fanling,17,507,11143,703,8036,5.65,19168,10,72,NT East
TAIKOO SHING・SING FAI TERRACE・(T-48)  HOI SING MANSION,3,Taikoo Shing,43,662,16012,757,14002,10.6,35961,4,87,NT West
YIN LAI COURT・YIN TAK HOUSE (BLOCK B),2,Lai King,32,493,10649,613,8564,5.25,17811,8,80,NT West
TAIKOO SHING・SING FAI TERRACE・(T-51)  CHI SING MANSION,3,Taikoo Shing,43,664,19578,757,17173,13.0,44103,4,87,NT West
GALAXIA・TOWER B,3,Diamond Hill,26,517,16054,656,12652,8.3,28158,1,78,Kowloon
NO. 18 FARM ROAD,3,Ma Tau Wai,20,731,18878,967,14270,13.8,46817,6,75,NT East
Les Saisons・L AUTOMNE (TOWER 3),2,Sai Wan Ho,22,604,26490,760,21052,16.0,46526,4,79,HK Island
CHAU HOP SHING BUILDING,1,Tsuen Wan Town Centre,44,306,12745,402,9701,3.9,13231,3,76,NT West
THE METRO CITY・PHASE 1・TOWER 4,3,Po Lam,27,701,12838,909,9900,9.0,30533,3,77,NT East
CASTELLO・BLOCK 8,2,Siu Lek Yuen,24,580,13793,726,11019,8.0,27140,14,79,HK Island
FANLING CENTRE・Phase 2・BLOCK J,3,Fanling,32,533,9718,690,7507,5.18,17573,5,77,NT East
METRO HARBOUR VIEW・Phase II・TOWER 10,2,Tai Kok Tsui,21,348,16666,499,11623,5.8,19677,10,69,NT West
I-HOME,1,Tai Kok Tsui,15,380,15736,509,11748,5.98,20287,8,74,NT West
MAN LAI COURT・BLOCK 2,3,Tai Wai,33,622,14951,736,12635,9.3,31551,5,84,NT West
KINGSWOOD VILLAS・Phase 2 Sherwood Court・BLOCK 3,2,Tin Shui Wai,31,448,10714,586,8191,4.8,16284,5,76,NT West
Sausalito・Tower 6,2,Ma On Shan,16,483,13043,649,9707,6.3,21373,9,74,NT East
Braemar Hill Mansions・BLOCK 4,4,North Point Mid-Levels,46,1467,24539,1640,21951,36.0,87237,7,89,HK Island
LUK YEUNG SUN CHUEN・BLOCK A,3,Luk Yeung,40,582,12027,667,10494,7.0,23748,4,87,NT West
MARBELLA・BLOCK 1 (TOWER A),3,Ma On Shan,23,737,10583,973,8016,7.8,26462,7,75,NT East
SERENE COURT,4,Mid-Levels West,32,1917,27125,2334,22279,52.0,126009,7,82,HK Island
Park Towers・TOWER 1,3,Tin Hau,35,998,28056,1276,21943,28.0,81421,1,78,HK Island
Robinson Heights・TOWER 1,2,Mid-Levels West,34,820,19146,968,16219,15.7,45654,6,84,HK Island
Tempo Court・BLOCK B,3,North Point Mid-Levels,53,1119,16085,1280,14062,18.0,52342,10,87,HK Island
LUK YEUNG SUN CHUEN・BLOCK C,2,Luk Yeung,40,451,11086,518,9652,5.0,16963,4,87,NT West
VIKING GARDEN・BLOCK A,2,Causeway Bay,47,523,18642,620,15725,9.75,33077,2,84,HK Island
CENTRAL PARK TOWERS・PHASE 2 CENTRAL PARK TOWERS II・TOWER 9,3,Tin Shui Wai,14,677,9571,895,7240,6.48,21984,3,75,NT West
Ho King View,2,North Point Mid-Levels,53,836,13157,910,12087,11.0,37318,8,91,HK Island
Island Place・Block 2 (Two Island Place),3,North Point,27,761,15111,947,12143,11.5,39014,3,80,HK Island
Tsuen King Garden・Phase 1・Block 6,2,Tsuen King Circuit,36,495,11313,618,9061,5.6,18998,4,80,NT West
Mountain Shore・Block 2,2,Ma On Shan,24,482,11825,635,8976,5.7,19338,7,75,NT East
THE PALAZZO・BLOCK 1,3,Fo Tan,15,692,15895,893,12318,11.0,37318,3,77,NT East
H CUBE,2,Tsuen Wan West,18,398,13065,588,8843,5.2,17641,8,67,NT West
Sausalito・TOWER 2 - OCEANUS,3,Ma On Shan,16,814,11425,1089,8539,9.3,31551,9,74,NT East
LOHAS PARK・Phase 2B Le Prime・TOWER 7 - R WING,3,Lohas Park,13,731,9548,962,7255,6.98,23680,6,75,NT West
Hilltop Mansion・Block A-B,2,North Point Mid-Levels,59,1324,17371,1680,13690,23.0,66882,8,78,HK Island
THE GRANDIOSE・BLOCK 3,3,Tseung Kwan O,18,668,15718,889,11811,10.5,35622,3,75,NT East
Dragon Court・BLOCK C,3,North Point Mid-Levels,44,857,14585,962,12993,12.5,42407,9,89,HK Island
CARIBBEAN COAST・PHASE 2 ALBANY COVE・TOWER 7,3,Tung Chung Town Centre,19,737,10854,1000,8000,8.0,27140,3,73,NT West
LEI KING WAN・SITES D・BLOCK 17 ON MING MANSION,2,Sai Wan Ho,36,509,13752,591,11844,7.0,23748,4,86,HK Island
GRAND PROMENADE・TOWER 2,2,Sai Wan Ho,19,503,23459,689,17126,11.8,40032,6,73,HK Island
Wai On Building・BLOCK A,3,Tsim Sha Tsui,61,574,11324,700,9285,6.5,22052,2,82,HK Island
AMOY GARDENS・PHASE 2A・BLOCK K,2,Kowloon Bay,40,391,13554,501,10578,5.3,17981,8,78,Kowloon
RESIDENCE BEL-AIR・Phase 2  South Tower・TOWER 7,4,Residence Bel-air,19,1413,50601,1695,42182,71.5,173262,2,83,HK Island
CHOI PO COURT・CHOI PIK HOUSE (BLOCK C),2,Sheung Shui,39,394,10659,525,8000,4.2,14249,5,75,NT East
THE BELLEVUE PLACE,1,Sheung Wan,25,346,22976,494,16093,7.95,26971,9,70,HK Island
Westlands Court・TSUI LAN MANSION,2,Quarry Bay,39,388,16237,488,12909,6.3,21373,8,79,HK Island
METRO HARBOUR VIEW・Phase I・TOWER 2,2,Tai Kok Tsui,21,326,15889,477,10859,5.18,17573,9,68,NT West
Les Saisons・Le Printemps (Tower 1),3,Sai Wan Ho,22,738,21002,984,15752,15.5,45072,4,75,HK Island
Grand Promenade・TOWER 2,1,Sai Wan Ho,19,496,24193,690,17391,12.0,40711,6,71,HK Island
The Zenith・PHASE 1・Tower 2,2,Wan Chai,17,497,25150,669,18684,12.5,42407,4,74,HK Island
RESIDENCE BEL-AIR・PHASE 2  SOUTH TOWER・TOWER 7,4,Residence Bel-air,19,2667,50618,3234,41743,135.0,327139,2,82,HK Island
KINGSWOOD VILLAS・Phase 7 Kenswood Court・BLOCK 12,2,Tin Shui Wai,28,446,8744,581,6712,3.9,13231,5,76,NT West
Hampton Place・Tower 1,2,Olympic Station,20,464,21551,625,16000,10.0,33925,7,74,HK Island
BAY VIEW GARDEN・BLOCK 1,3,Ngau Chi Wan,34,637,15384,780,12564,9.8,33247,6,81,Kowloon
Taikoo Shing・Kao Shan Terrace・(T-16)  Yee Shan Mansion,3,Taikoo Shing,46,689,15965,788,13959,11.0,37318,8,87,NT West
High Place,1,Kowloon City,9,264,21590,415,13734,5.7,19338,6,63,Kowloon
TSEUNG KWAN O PLAZA・PHASE 1・TOWER 3A,3,Tseung Kwan O,21,538,17657,727,13067,9.5,32229,5,74,NT East
OCEAN SHORES・PHASE 3・TOWER 17,2,Tiu Keng Leng,21,516,13953,693,10389,7.2,24426,5,74,NT East
IMPERIAL KENNEDY,2,Kennedy Town,8,515,25242,659,19726,13.0,44103,2,78,HK Island
THE METRO CITY・PHASE 2・TOWER 9,3,Po Lam,24,538,14033,750,10066,7.55,25614,7,71,NT East
SEYMOUR,3,Mid-Levels West,12,1398,26323,1878,19595,36.8,89176,10,74,HK Island
TSUEN KING GARDEN・PHASE 2・BLOCK 12,3,Tsuen King Circuit,36,551,11034,679,8954,6.08,20627,3,81,NT West
The Beaumount・Phase 1・Tower 1,3,Lohas Park,10,693,10793,915,8174,7.48,25376,10,75,NT West
Island Harbourview・TOWER 9,2,Olympic Station,24,464,17844,641,12917,8.28,28090,6,72,HK Island
YOHO TOWN・PHASE 1・BLOCK 2,2,Yuen Long Station,20,393,13435,528,10000,5.28,17913,10,74,NT East
OCEAN SHORES・PHASE 3・TOWER 13,3,Tiu Keng Leng,21,751,16777,983,12817,12.6,42746,5,76,NT East
SUNSHINE CITY・PHASE 4・BLOCK J,2,Ma On Shan,29,519,12813,697,9540,6.65,22560,5,74,NT East
LOHAS PARK・Phase 1 The Capitol・MILAN (TOWER 3 - L WING),3,Lohas Park,15,713,12342,952,9243,8.8,29854,6,74,NT West
Yoho Town・PHASE 2 YOHO MIDTOWN・Block M9,2,Yuen Long Station,14,534,12734,687,9898,6.8,23069,5,77,NT East
Chelsea Court・TOWER SOUTH (A2),1,Tsuen Wan West,19,372,16666,496,12500,6.2,21034,10,75,NT West
Summit Court・BLOCK D,3,North Point Mid-Levels,58,1407,19189,1650,16363,27.0,78513,10,85,HK Island
Seymour,5,Mid-Levels West,12,1730,33526,2348,24701,58.0,140548,10,73,HK Island
Parkland Villas・BLOCK 9,2,Siu Hong,23,381,10787,564,7287,4.11,13943,10,67,HK Island
Tsuen Wan Plaza・BLOCK 1,3,Tsuen Wan Town Centre,33,552,15090,703,11849,8.33,28260,8,78,NT West
Flora Garden・Block C,3,North Point Mid-Levels,44,684,15350,786,13358,10.5,35622,11,87,HK Island
YOHO TOWN・PHASE 2 YOHO MIDTOWN・BLOCK M7,1,Yuen Long Station,14,399,13784,498,11044,5.5,18659,5,80,NT East
Marinella・Tower 3,4,Deep Bay,12,2308,46793,2893,37331,108.0,261711,5,79,NT East
VISTA PARADISO・Phase 2・TOWER 8,3,Ma On Shan,25,755,10966,932,8884,8.28,28090,2,81,NT East
Tsuen King Garden・Phase 1・Block 6,2,Tsuen King Circuit,36,428,10514,521,8637,4.5,15266,4,82,NT West
The Merton・Tower 3,3,Kennedy Town,19,619,22294,802,17206,13.8,46817,6,77,HK Island
Luk Yeung Sun Chuen・BLOCK J,2,Luk Yeung,41,445,11685,511,10176,5.2,17641,4,87,NT West
Le Sommet・Block 1,3,North Point Mid-Levels,24,794,20780,1058,15595,16.5,47980,4,75,HK Island
Vianni Cove・TOWER 2,3,Tin Shui Wai,20,708,8460,946,6331,5.99,20321,9,74,NT West
YOHO TOWN・Phase 2 Yoho Midtown・BLOCK M6,2,Yuen Long Station,14,478,15271,618,11812,7.3,24766,5,77,NT East
LUK YEUNG SUN CHUEN・BLOCK E,2,Luk Yeung,40,445,12584,511,10958,5.6,18998,4,87,NT West
FORTRESS GARDEN・FU DAT COURT,2,North Point Mid-Levels,43,650,12000,747,10441,7.8,26462,4,87,HK Island
TSUEN KING GARDEN・PHASE 1・BLOCK 4,2,Tsuen King Circuit,36,362,9944,450,8000,3.6,12213,4,80,NT West
Lohas Park・Phase 1 The Capitol・Lucerne (Tower 2 - L Wing),2,Lohas Park,15,518,12046,686,9096,6.24,21170,6,75,NT West
The Belcher's・Phase 2・Tower 5,3,Mid-Levels West,22,1097,17775,1409,13839,19.5,56704,2,77,HK Island
THE PALAZZO・BLOCK 8,4,Fo Tan,15,1427,20182,1835,15694,28.8,83747,3,77,NT East
LOHAS PARK・PHASE 1 THE CAPITOL・LUCERNE (TOWER 2 - L WING),2,Lohas Park,15,518,11969,684,9064,6.2,21034,6,75,NT West
The Warren,1,Tai Hang,10,383,20887,543,14732,8.0,27140,10,70,NT West
PACIFIC PALISADES・PHASE 1・TOWER 2,2,North Point Mid-Levels,33,803,16189,1016,12795,13.0,44103,9,79,HK Island
Tsuen Wan Centre・Block 1 (Kwangchow House),2,Tsuen King Circuit,44,377,10079,481,7900,3.8,12892,6,78,NT West
Tsuen King Garden・Phase 1・Block 3,2,Tsuen King Circuit,37,441,12018,563,9413,5.3,17981,4,78,NT West
Residence Bel-Air・Phase 2  South Tower・Tower 2,3,Residence Bel-air,19,1366,29209,1688,23637,39.9,96688,2,80,HK Island
LUK YEUNG SUN CHUEN・BLOCK S,2,Luk Yeung,40,475,11578,555,9909,5.5,18659,4,85,NT West
Lai Yin Court,3,Sai Ying Pun,33,527,17267,738,12330,9.1,30872,4,71,NT East
THE PALAZZO・BLOCK 5,3,Fo Tan,15,767,15514,979,12155,11.9,40371,3,78,NT East
PRIMROSE HILL・TOWER 1,3,Tai Wo Hau,14,704,11363,926,8639,8.0,27140,6,76,NT West
INDI HOME,1,Tsuen Wan West,19,312,14423,433,10392,4.5,15266,9,72,NT West
YOHO TOWN・PHASE 2 YOHO MIDTOWN・BLOCK M1,2,Yuen Long Station,14,482,14751,647,10989,7.11,24121,5,74,NT East
Tsuen King Garden・Phase 2・Block 12,2,Tsuen King Circuit,36,431,10904,511,9197,4.7,15945,3,84,NT West
Hollywood Terrace・Block B,3,Sheung Wan,24,766,15665,941,12752,12.0,40711,6,81,HK Island
Sausalito・Tower 3,3,Ma On Shan,16,590,13220,813,9594,7.8,26462,9,72,NT East
The Merton・Tower 3,2,Kennedy Town,19,482,22406,629,17170,10.8,36640,6,76,HK Island
Discovery Park・Phase 1・Block 3,2,Discovery Park,27,495,13737,610,11147,6.8,23069,1,81,NT West
THE MERTON・TOWER 2,2,Kennedy Town,19,474,23206,638,17241,11.0,37318,6,74,HK Island
PARK CENTRAL・PHASE 1・TOWER 7,3,Tseung Kwan O,22,541,14232,726,10606,7.7,26123,5,74,NT East
THE MERTON・TOWER 2,2,Kennedy Town,19,490,22448,666,16516,11.0,37318,6,73,HK Island
Tsuen King Garden・Phase 1・Block 2,2,Tsuen King Circuit,37,408,10245,523,7992,4.18,14181,4,78,NT West
AZURA,3,Mid-Levels West,11,1301,27671,1679,21441,36.0,87237,10,77,HK Island
TSUEN WAN TOWN SQUARE・BLOCK B,3,Tsuen Wan Town Centre,34,608,12500,787,9656,7.6,25783,5,77,NT West
Tsuen Wan Centre・Block 10 (Peking House),3,Tsuen King Circuit,44,449,9576,559,7692,4.3,14588,6,80,NT West
Luk Yeung Sun Chuen・BLOCK C,3,Luk Yeung,40,582,12886,671,11177,7.5,25444,4,86,NT West
WINSOME PARK,2,Mid-Levels West,28,660,22727,895,16759,15.0,50888,15,73,HK Island
Tsuen Wan Centre・Block 2 (Kweilin House),2,Tsuen King Circuit,44,377,10610,481,8316,4.0,13570,6,78,NT West
Robinson Heights・Tower 1,3,Mid-Levels West,34,762,20997,899,17797,16.0,46526,6,84,HK Island
The Merton・Tower 2,2,Kennedy Town,19,482,19709,656,14481,9.5,32229,6,73,HK Island
Residence Bel-Air・Phase 1・Tower 6,3,Residence Bel-air,20,1358,27098,1672,22009,36.8,89176,8,81,HK Island
BRAEMAR HILL MANSIONS・BLOCK 12,3,North Point Mid-Levels,46,1297,19275,1490,16778,25.0,72697,7,87,HK Island
THE MERTON・TOWER 1,2,Kennedy Town,19,651,23963,887,17587,15.6,45363,6,73,HK Island
LOHAS PARK・PHASE 2B LE PRIME・TOWER 8 - R WING,3,Lohas Park,13,664,10391,886,7787,6.9,23409,6,74,NT West
Tsuen Wan Centre・Block 15 (Kunming House),2,Tsuen King Circuit,43,374,9037,490,6897,3.38,11467,6,76,NT West
MARBELLA・BLOCK 2 (TOWER B),3,Ma On Shan,23,736,10461,959,8029,7.7,26123,7,76,NT East
TSUEN WAN CENTRE・BLOCK 5 (ANKING HOUSE),1,Tsuen King Circuit,44,324,10123,413,7941,3.28,11128,6,78,NT West
TUEN MUN TOWN PLAZA・PHASE 2・BLOCK 2,2,Tuen Mun Town Centre,35,326,8834,440,6545,2.88,9771,7,74,NT West
LOHAS PARK・Phase 2A  Le Prestige・MONA LISA (TOWER 1 - R WING),3,Lohas Park,14,731,10095,965,7647,7.38,25037,8,75,NT West
QUEEN'S TERRACE・TOWER 2,1,Sheung Wan,21,322,21739,468,14957,7.0,23748,5,68,HK Island
THE LONG BEACH・TOWER 5,1,Olympic Station,19,564,15070,752,11303,8.5,28837,8,75,HK Island
TSUEN KING GARDEN・PHASE 1・BLOCK 4,2,Tsuen King Circuit,36,522,10153,651,8141,5.3,17981,4,80,NT West
YOHO TOWN・Phase 1・BLOCK 2,3,Yuen Long Station,20,516,11240,683,8491,5.8,19677,10,75,NT East
VISTA PARADISO・PHASE 2・TOWER 4,3,Ma On Shan,25,733,11732,906,9492,8.6,29176,2,80,NT East
Metro Town・Phase 1・Tower 1,2,Tiu Keng Leng,18,487,17351,657,12861,8.45,28667,5,74,NT East
Luk Yeung Sun Chuen・BLOCK A,3,Luk Yeung,40,582,11512,671,9985,6.7,22730,4,86,NT West
Tsuen Wan Centre・Block 10 (Peking House),2,Tsuen King Circuit,44,425,9835,531,7871,4.18,14181,6,80,NT West
Yoho Town・PHASE 2 YOHO MIDTOWN・Block M3,2,Yuen Long Station,14,443,14108,573,10907,6.25,21203,5,77,NT East
SUNSHINE CITY・PHASE 3・BLOCK Q,2,Ma On Shan,30,369,13008,498,9638,4.8,16284,6,74,NT East
TSUEN FUNG BUILDING,2,Tsuen Wan Town Centre,44,363,11570,502,8366,4.2,14249,4,72,NT West
SKYLIGHT TOWER,3,Mid-Levels West,34,1119,24021,1399,19213,26.88,78164,1,79,HK Island
RESIDENCE BEL-AIR・Phase 2  South Tower・TOWER 2,3,Residence Bel-air,19,1090,31192,1348,25222,34.0,82390,2,80,HK Island
CLAGUE GARDEN ESTATE・TOWER A,1,Tsuen Wan West,35,536,11007,638,9247,5.9,20016,10,84,NT West
TSUEN CHEONG CENTRE・CHEONG ON BUILDING,2,Tsuen Wan Town Centre,36,368,12635,470,9893,4.65,15775,5,78,NT West
Oceanaire・Tower 3A,4,Ma On Shan,13,952,12500,1257,9466,11.9,40371,8,75,NT East
Hilltop Mansion・Block I-J,3,North Point Mid-Levels,59,2067,15481,2394,13366,32.0,77544,8,86,HK Island
Skyline Mansion・Block 2,3,Mid-Levels West,49,1178,21222,1361,18368,25.0,72697,4,86,HK Island
TSUEN WAN CENTRE・BLOCK 3 (HANGCHOW HOUSE),2,Tsuen King Circuit,44,324,10493,413,8232,3.4,11535,6,78,NT West
TEMPO COURT・BLOCK A,3,North Point Mid-Levels,53,1119,16979,1280,14843,19.0,55250,10,87,HK Island
Dragon Court・BLOCK B,3,North Point Mid-Levels,44,857,17479,962,15571,14.98,50820,9,89,HK Island
TSUEN WAN CENTRE・BLOCK 11 (NANCHANG HOUSE),1,Tsuen King Circuit,42,378,11904,492,9146,4.5,15266,6,76,NT West
The Beaumount・PHASE 1・Tower 5,2,Lohas Park,10,501,12375,661,9379,6.2,21034,10,75,NT West
TSUEN WAN CENTRE・BLOCK 12 (HANGYANG HOUSE),1,Tsuen King Circuit,42,324,9259,420,7142,3.0,10178,6,77,NT West
CITY GARDEN・Phase 1・BLOCK 4,3,North Point,41,942,13110,1048,11784,12.35,41898,6,89,HK Island
Baycrest・BLOCK 4,2,Ma On Shan,24,605,13223,808,9900,8.0,27140,10,74,NT East
Lyttelton Garden・Tower 1,3,Mid-Levels West,31,899,19243,1173,14748,17.3,50307,6,76,HK Island
PARK TOWERS・TOWER 2,3,Tin Hau,35,919,21762,1130,17699,20.0,58158,1,81,HK Island
QUEEN'S TERRACE・TOWER 1,2,Sheung Wan,21,395,22784,564,15957,9.0,30533,5,70,HK Island
TSUEN WAN GARDEN・MERRY COURT (BLOCK C),2,Tsuen Wan Town Centre,43,376,11436,470,9148,4.3,14588,9,80,NT West
MARINELLA・TOWER 1,4,Deep Bay,12,1949,46690,2501,36385,91.0,220516,5,77,NT East
Greenfields・Block 1,2,Yuen Long Town Centre,25,443,9932,606,7260,4.4,14927,9,73,NT East
Park Avenue・CENTRAL PARK・Tower 1,3,Olympic Station,22,1003,17946,1331,13523,18.0,52342,4,75,HK Island
City Garden・Phase 2・Block 7,3,North Point,38,966,16542,1097,14567,15.98,46468,6,88,HK Island
MANHATTAN AVENUE,1,Sheung Wan,20,419,19069,571,13992,7.99,27106,5,73,HK Island
PACIFIC PALISADES・PHASE 1・TOWER 7,3,North Point Mid-Levels,33,845,18698,1068,14794,15.8,45945,9,79,HK Island
TSEUNG KWAN O PLAZA・PHASE 2・TOWER 6,2,Tseung Kwan O,20,459,15206,625,11168,6.98,23680,3,73,NT East
Argenta,3,Mid-Levels West,11,2123,40037,2728,31158,85.0,205976,14,77,HK Island
Elegant Garden,3,Mid-Levels West,49,1465,15017,1750,12571,22.0,63974,10,83,HK Island
WUN SHA TOWER,2,Tai Hang,44,547,14040,630,12190,7.68,26055,10,86,NT West
TSUEN WAN CENTRE・BLOCK 1 (KWANGCHOW HOUSE),2,Tsuen King Circuit,44,354,10169,455,7912,3.6,12213,6,77,NT West
TSUEN WAN CENTRE・BLOCK 13 (KWEIYANG HOUSE),2,Tsuen King Circuit,42,378,9259,492,7113,3.5,11874,6,76,NT West
Comfort Garden・Block A,2,North Point,50,1003,9770,1158,8462,9.8,33247,4,86,HK Island
ISLAND PLACE・BLOCK 2 (TWO ISLAND PLACE),2,North Point,27,653,15283,822,12141,9.98,33858,3,79,HK Island
SEAVIEW CRESCENT・BLOCK 2,2,Tung Chung Town Centre,22,508,11870,687,8777,6.03,20457,10,73,NT West
Fortress Garden・FU DAT COURT,3,North Point Mid-Levels,43,652,13803,758,11873,9.0,30533,4,86,HK Island
Lohas Park・Phase 1 The Capitol・Banff (Tower 1 - L Wing),3,Lohas Park,15,681,11571,903,8726,7.88,26733,6,75,NT West
ALTRO,2,Sai Ying Pun,10,450,21777,673,14561,9.8,33247,3,66,NT East
TIN MA COURT・CHUN SING HOUSE (BLOCK A),2,Wong Tai Sin,38,363,10468,495,7676,3.8,12892,13,73,Kowloon
The Long Beach・TOWER 9,3,Olympic Station,19,823,20048,1081,15263,16.5,47980,8,76,HK Island
WUN SHA TOWER,2,Tai Hang,44,567,14991,650,13076,8.5,28837,10,87,NT West
OCEAN SHORES・PHASE 2・TOWER 8,3,Tiu Keng Leng,22,639,13771,879,10011,8.8,29854,8,72,NT East
TSUEN WAN CENTRE・BLOCK 6 (CHUNGKING HOUSE),1,Tsuen King Circuit,44,324,10185,413,7990,3.3,11195,6,78,NT West
Primrose Hill・TOWER 2,2,Tai Wo Hau,14,529,14366,702,10826,7.6,25783,6,75,NT West
SOUTH HORIZONS・Phase 1・Hoi Ngar Court (Block 3),3,South Horizons,32,598,12458,726,10261,7.45,25274,6,82,HK Island
RESIDENCE BEL-AIR・Phase 1・TOWER 3,3,Residence Bel-air,20,1365,28424,1684,23040,38.8,94022,8,81,HK Island
Island Lodge,4,North Point,15,1003,24925,1327,18839,25.0,72697,2,75,HK Island
Harbour Green・Tower 5,2,Olympic Station,17,477,19035,621,14621,9.08,30804,7,76,HK Island
VANTAGE PARK・BLOCK 2,1,Mid-Levels West,30,437,22883,558,17921,10.0,33925,9,78,HK Island
ISLAND CREST・TOWER 2,2,Sai Ying Pun,14,833,26410,1129,19486,22.0,63974,2,73,NT East
Conduit Tower,3,Mid-Levels West,32,705,19148,925,14594,13.5,45799,10,76,HK Island
SOUTH HORIZONS・PHASE 2・Yee Tsui Court (Block 16),4,South Horizons,31,882,17687,1109,14066,15.6,45363,5,79,HK Island
Bella Vista,2,Mid-Levels West,24,450,19111,688,12500,8.6,29176,9,65,HK Island
PARK CENTRAL・PHASE 1・TOWER 6,3,Tseung Kwan O,22,680,13014,899,9844,8.85,30024,5,75,NT East
METRO TOWN・PHASE 1・TOWER 5,2,Tiu Keng Leng,18,476,18886,638,14090,8.99,30499,5,74,NT East
Blessings Garden・Phase 1,3,Mid-Levels West,29,854,17330,1106,13381,14.8,50210,12,77,HK Island
LUK YEUNG SUN CHUEN・BLOCK J,3,Luk Yeung,41,582,12886,671,11177,7.5,25444,4,86,NT West
Sunshine City・PHASE 3・Block R,2,Ma On Shan,30,337,13649,449,10244,4.6,15606,6,75,NT East
VIKING GARDEN・BLOCK B,2,Causeway Bay,47,452,18805,520,16346,8.5,28837,2,86,HK Island
TSUEN WAN CENTRE・BLOCK 19 (SHENYANG HOUSE),2,Tsuen King Circuit,43,329,10942,404,8910,3.6,12213,6,81,NT West
HAMPTON PLACE・TOWER 1,2,Olympic Station,20,448,15625,637,10989,7.0,23748,7,70,HK Island
OCEAN SHORES・Phase 1・TOWER 1,2,Tiu Keng Leng,23,504,15873,676,11834,8.0,27140,10,74,NT East
Po Shan Mansions・Block B,4,Mid-Levels West,58,2410,24896,2835,21164,60.0,145395,6,85,HK Island
The Long Beach・TOWER 3,2,Olympic Station,19,548,18248,739,13531,10.0,33925,8,74,HK Island
Jubilee Garden・Jubilee Court,3,Fo Tan,38,665,11548,1094,7020,7.68,26055,6,60,NT East
Grandeur Garden・BLOCK 5,2,Tai Wai,39,328,16158,434,12211,5.3,17981,3,75,NT West
FLORA GARDEN・BLOCK A,2,North Point Mid-Levels,44,681,16563,786,14351,11.28,38268,11,86,HK Island
TSEUNG KWAN O PLAZA・PHASE 1・TOWER 1,3,Tseung Kwan O,21,662,15528,901,11409,10.28,34875,5,73,NT East
FESTIVAL CITY・PHASE 3・TOWER 3,3,Tai Wai,12,757,17014,1000,12880,12.88,43696,2,75,NT West
IMPERIAL KENNEDY,2,Kennedy Town,8,606,25577,776,19974,15.5,45072,2,78,HK Island
Ma On Shan Centre・TOWER 2,2,Ma On Shan,30,364,14560,492,10772,5.3,17981,7,73,NT East
Valiant Park,3,Mid-Levels West,31,802,20947,995,16884,16.8,48853,14,80,HK Island
SUNSHINE CITY・PHASE 4・BLOCK H,2,Ma On Shan,29,363,16528,495,12121,6.0,20355,5,73,NT East
RESIDENCE BEL-AIR・PHASE 1・TOWER 1,2,Residence Bel-air,20,614,24429,776,19329,15.0,50888,8,79,HK Island
Clague Garden Estate・Tower B,2,Tsuen Wan West,35,543,9208,646,7739,5.0,16963,10,84,NT West
WARRENWOODS,3,Tai Hang,11,662,28700,904,21017,19.0,55250,10,73,NT West
South Horizons・PHASE 2・Yee King Court (Block 8),4,South Horizons,31,742,15902,918,12854,11.8,40032,5,80,HK Island
TSEUNG KWAN O PLAZA・PHASE 2・TOWER 8,3,Tseung Kwan O,20,843,16370,1158,11917,13.8,46817,3,72,NT East
Yoho Town・PHASE 2 YOHO MIDTOWN・Block M8,3,Yuen Long Station,14,659,15022,857,11551,9.9,33586,5,76,NT East
SOUTH HORIZONS・PHASE 4 THE OASIS・Albany Court (Block 32),2,South Horizons,29,521,12763,666,9984,6.65,22560,7,78,HK Island
YOHO TOWN・Phase 1・BLOCK 1,3,Yuen Long Station,20,516,13372,684,10087,6.9,23409,10,75,NT East
Sun Yuen Long Centre・Block 2,2,Yuen Long Station,30,466,11802,576,9548,5.5,18659,6,80,NT East
Parkland Villas・BLOCK 2,3,Siu Hong,23,499,11222,715,7832,5.6,18998,10,69,HK Island
TSUEN WAN CENTRE・BLOCK 16 (NANNING HOUSE),2,Tsuen King Circuit,43,374,9358,490,7142,3.5,11874,6,76,NT West
THE PARCVILLE・TOWER 9,2,Yuen Long Station,22,460,10869,606,8250,5.0,16963,10,75,NT East
ON HONG BUILDING,2,Tsuen Wan Town Centre,51,393,10381,462,8831,4.08,13842,9,85,NT West
PARKLAND VILLAS・BLOCK 4,2,Siu Hong,23,376,9574,548,6569,3.6,12213,10,68,HK Island
TSUEN WAN CENTRE・BLOCK 3 (HANGCHOW HOUSE),2,Tsuen King Circuit,44,380,10473,486,8189,3.98,13502,6,78,NT West
TSUEN WAN CENTRE・BLOCK 8 (TIENTSIN HOUSE),3,Tsuen King Circuit,44,460,9130,573,7329,4.2,14249,6,80,NT West
RESIDENCE BEL-AIR・PHASE 1・TOWER 2,3,Residence Bel-air,20,1365,26373,1684,21377,36.0,87237,8,81,HK Island
MAPLE GARDENS・PHASE 3,2,North Point,32,365,13643,530,9396,4.98,16895,5,68,HK Island
OCEAN SHORES・Phase 2・TOWER 8,2,Tiu Keng Leng,22,498,16265,695,11654,8.1,27480,8,71,NT East
CITY ONE SHATIN・SITE 4・BLOCK 41,1,City One Shatin,39,284,15774,395,11341,4.48,15199,6,71,NT East
Academic Terrace・Block 1,2,Mid-Levels West,34,531,19209,620,16451,10.2,34604,5,85,HK Island
FORTRESS GARDEN・FU BON COURT,3,North Point Mid-Levels,43,645,13953,738,12195,9.0,30533,4,87,HK Island
Euston Court・TOWER 2,3,Mid-Levels West,35,786,19071,931,16100,14.99,50854,4,84,HK Island
TSUEN WAN CENTRE・BLOCK 6 (CHUNGKING HOUSE),1,Tsuen King Circuit,44,324,10802,413,8474,3.5,11874,6,78,NT West
DAO SHING BUILDING,2,Tsuen Wan Town Centre,51,467,11349,562,9430,5.3,17981,10,83,NT West
JING TAI GARDEN MANSION,3,Mid-Levels West,46,779,12836,861,11614,10.0,33925,8,90,HK Island
PROVIDENT CENTRE・BLOCK 5,3,North Point,41,845,16781,954,14863,14.18,48106,6,88,HK Island
MOUNTAIN SHORE・BLOCK 3,3,Ma On Shan,24,684,13128,900,9977,8.98,30465,7,76,NT East
Sausalito・Tower 5,4,Ma On Shan,16,1565,11501,2104,8555,18.0,52342,9,74,NT East
Island Harbourview・Tower 2,3,Olympic Station,24,647,16228,866,12124,10.5,35622,6,74,HK Island
VISTA PARADISO・Phase 1・TOWER 11,3,Ma On Shan,26,650,11230,807,9045,7.3,24766,8,80,NT East
THE TREND PLAZA・BLOCK E,1,Tuen Mun Town Centre,36,325,11692,431,8816,3.8,12892,8,75,NT West
Ying Ming Court・Ming Tat House (Block C),3,Po Lam,35,645,11162,825,8682,7.2,24426,10,78,NT East
SUMMIT COURT・BLOCK D,3,North Point Mid-Levels,58,1407,18336,1650,15636,25.8,75024,10,85,HK Island
CITY GARDEN・Phase 2・BLOCK 13,3,North Point,38,889,15185,996,13554,13.5,45799,6,89,HK Island
TSUEN WAN CENTRE・BLOCK 3 (HANGCHOW HOUSE),2,Tsuen King Circuit,44,380,10000,486,7818,3.8,12892,6,78,NT West
CLAGUE GARDEN ESTATE・TOWER B,1,Tsuen Wan West,35,354,11242,422,9431,3.98,13502,10,83,NT West
WINSOME PARK,2,Mid-Levels West,28,829,18094,1089,13774,15.0,50888,15,76,HK Island
Park Avenue・Phase 1・Tower 9,2,Olympic Station,23,471,19320,653,13935,9.1,30872,6,72,HK Island
SCENIC GARDEN・Block 2,3,Yuen Long Town Centre,26,647,8578,825,6727,5.55,18829,1,78,NT East
METRO TOWN・PHASE 2 LE POINT・TOWER 10,3,Tiu Keng Leng,16,651,12596,882,9297,8.2,27819,6,73,NT East
Lohas Park・Phase 1 The Capitol・Montreal (Tower 3 - R Wing),2,Lohas Park,15,519,11560,684,8771,6.0,20355,6,75,NT West
TSUEN WAN CENTRE・BLOCK 17 (TAI YUAN HOUSE),2,Tsuen King Circuit,43,329,9969,404,8118,3.28,11128,6,81,NT West
SOUTH HORIZONS・PHASE 1・Hoi Wan Court (Block 4),4,South Horizons,32,729,13689,908,10991,9.98,33858,6,80,HK Island
SOUTH HORIZONS・PHASE 4 THE OASIS・Cambridge Court (Block 33A),2,South Horizons,29,521,12667,666,9909,6.6,22391,7,78,HK Island
The Metro City・PHASE 2・Tower 10,2,Po Lam,24,441,13605,617,9724,6.0,20355,7,71,NT East
The Beaumount・Phase 1・Tower 1,3,Lohas Park,10,694,13688,916,10371,9.5,32229,10,75,NT West
LOHAS PARK・PHASE 2A  LE PRESTIGE・MOON LIGHT (TOWER 1 -  L  WING,4,Lohas Park,14,977,12487,1300,9384,12.2,41389,8,75,NT West
CITY GARDEN・PHASE 2・BLOCK 9,3,North Point,38,1032,15019,1150,13478,15.5,45072,6,89,HK Island
Robinson Place・TOWER 2 (TWO ROBINSON PLACE ),3,Mid-Levels West,29,1119,23235,1376,18895,26.0,75605,13,81,HK Island
SOUTH HORIZONS・PHASE 2・Yee Fai Court (Block 13A),3,South Horizons,31,623,12520,776,10051,7.8,26462,5,80,HK Island
SUNSHINE CITY・PHASE 3・BLOCK Q,2,Ma On Shan,30,337,15074,451,11263,5.08,17234,6,74,NT East
SOUTH HORIZONS・PHASE 4 THE OASIS・Fenton Court (Block 27),4,South Horizons,29,743,13458,950,10526,10.0,33925,7,78,HK Island
Yoho Town・PHASE 2 YOHO MIDTOWN・Block M1,3,Yuen Long Station,14,607,13673,793,10466,8.3,28158,5,76,NT East
SOUTH HORIZONS・PHASE 4 THE OASIS・Grosvenor Court (Block 28),2,South Horizons,29,516,15271,654,12048,7.88,26733,7,78,HK Island
THE PALAZZO・BLOCK 3,4,Fo Tan,15,1326,34449,1915,23853,45.68,110694,3,69,NT East
TSEUNG KWAN O PLAZA・PHASE 2・TOWER 7,2,Tseung Kwan O,20,417,15587,571,11383,6.5,22052,3,73,NT East
South Horizons・Phase 4 The Oasis・Pak King Court (Block 31),3,South Horizons,29,637,13657,816,10661,8.7,29515,7,78,HK Island
University Heights・Tower 1,2,Kennedy Town,28,464,20043,627,14832,9.3,31551,6,74,HK Island
VISTA PARADISO・PHASE 1・TOWER 11,3,Ma On Shan,26,794,13450,983,10864,10.68,36232,8,80,NT East
VALIANT PARK,3,Mid-Levels West,31,682,19794,847,15938,13.5,45799,14,80,HK Island
YOHO TOWN・PHASE 1・BLOCK 2,2,Yuen Long Station,20,393,13740,525,10285,5.4,18320,10,74,NT East
South Horizons・Phase 4 The Oasis・Albany Court (Block 32),3,South Horizons,29,686,13119,856,10514,9.0,30533,7,80,HK Island
KWONG FUNG TERRACE・TOWER 2,2,Sai Ying Pun,30,431,20649,573,15532,8.9,30194,4,75,NT East
CARIBBEAN COAST・PHASE 1 MONTEREY COVE・TOWER 2,3,Tung Chung Town Centre,21,940,9255,1237,7033,8.7,29515,4,75,NT West
THE MERTON・TOWER 2,2,Kennedy Town,19,474,21518,638,15987,10.2,34604,6,74,HK Island
VILLA BY THE PARK・BLOCK 1,2,Yuen Long Town Centre,21,396,11616,529,8695,4.6,15606,10,74,NT East
PALATIAL CREST,2,Mid-Levels West,23,867,21337,1175,15744,18.5,53796,9,73,HK Island
Garfield Mansion,3,Mid-Levels West,50,842,16389,1075,12837,13.8,46817,10,78,HK Island
City One Shatin・Site 5・Block 46,2,City One Shatin,38,284,14436,395,10379,4.1,13909,7,71,NT East
The Grand Panorama・Block 3,3,Mid-Levels West,29,814,35380,1052,27376,28.8,83747,6,77,HK Island
TSUEN WAN CENTRE・BLOCK 5 (ANKING HOUSE),2,Tsuen King Circuit,44,324,10185,413,7990,3.3,11195,6,78,NT West
PARK AVENUE・CENTRAL PARK・TOWER 1,3,Olympic Station,22,592,20270,817,14687,12.0,40711,4,72,HK Island
SOUTH HORIZONS・PHASE 2・Yee Lok Court (Block 13),3,South Horizons,31,633,12622,798,10012,7.99,27106,5,79,HK Island
SEAVIEW CRESCENT・BLOCK 2,2,Tung Chung Town Centre,22,521,12476,696,9339,6.5,22052,10,74,NT West
UPTOWN PLAZA・BLOCK 6,2,Tai Po Town Centre,33,465,13505,559,11234,6.28,21305,7,83,NT West
Healthy Gardens・Block F,2,North Point,44,446,12556,507,11045,5.6,18998,5,87,HK Island
HARBOUR GREEN・TOWER 3,3,Olympic Station,17,541,18465,702,14230,9.99,33892,7,77,HK Island
YOHO TOWN・PHASE 1・BLOCK 9,2,Yuen Long Station,20,422,13744,544,10661,5.8,19677,10,77,NT East
METRO HARBOUR VIEW・PHASE I・TOWER 3,2,Tai Kok Tsui,21,344,16860,504,11507,5.8,19677,9,68,NT West
THE METRO CITY・PHASE 2・TOWER 4,3,Po Lam,24,644,15527,904,11061,10.0,33925,7,71,NT East
FOO YU BUILDING・BLOCK B,2,Tsuen Wan Town Centre,51,374,11229,493,8519,4.2,14249,4,75,NT West
Caribbean Coast・PHASE 1 MONTEREY COVE・Tower 2,2,Tung Chung Town Centre,21,987,9827,1295,7490,9.7,32908,4,76,NT West
GREENFIELDS・BLOCK 2,2,Yuen Long Town Centre,25,488,8606,669,6278,4.2,14249,9,72,NT East
CARIBBEAN COAST・PHASE 4 CRYSTAL COVE・TOWER 15,2,Tung Chung Town Centre,17,565,11327,749,8544,6.4,21712,10,75,NT West
Oxford Court・BLOCK II,2,North Point Mid-Levels,47,728,16208,912,12938,11.8,40032,4,79,HK Island
Emerald Green・BLOCK 5,3,Yuen Long Town Centre,14,822,9489,1074,7262,7.8,26462,2,76,NT East
Island Harbourview・Tower 10,3,Olympic Station,24,786,20356,1052,15209,16.0,46526,6,74,HK Island
HAMPTON PLACE・TOWER 2,2,Olympic Station,20,426,16431,608,11513,7.0,23748,7,70,HK Island
BRAEMAR TERRACE・BLOCK E-H,3,North Point Mid-Levels,50,718,12674,850,10705,9.1,30872,4,84,HK Island
Kam Ning Mansion,2,Mid-Levels West,41,624,16826,776,13530,10.5,35622,1,80,HK Island
OCEAN SHORES・PHASE 1・TOWER 3,3,Tiu Keng Leng,23,811,15782,1064,12030,12.8,43425,10,76,NT East
SOUTH HORIZONS・Phase 4 The Oasis・Albany Court (Block 32),2,South Horizons,29,521,13819,666,10810,7.2,24426,7,78,HK Island
Park Avenue・CENTRAL PARK・Tower 3,2,Olympic Station,22,473,19450,645,14263,9.2,31211,4,73,HK Island
NEW KWAI FONG GARDENS・BLOCK D,2,Ha Kwai Chung,41,418,13827,510,11333,5.78,19609,2,81,NT East
SOUTH HORIZONS・PHASE 2・Yee Moon Court (Block 12),3,South Horizons,31,633,13428,798,10651,8.5,28837,5,79,HK Island
CITY ONE SHATIN・SITE 4・BLOCK 38,1,City One Shatin,39,284,15140,395,10886,4.3,14588,6,71,NT East
JUBILEE GARDEN・BLOCK 7,2,Fo Tan,38,510,10196,653,7963,5.2,17641,6,78,NT East
Valiant Park,2,Mid-Levels West,31,725,17655,908,14096,12.8,43425,14,79,HK Island
FORTRESS GARDEN・FU DAT COURT,3,North Point Mid-Levels,43,652,13006,762,11128,8.48,28769,4,85,HK Island
Sceneway Garden・BLOCK 5,2,Lam Tin,32,537,11545,675,9185,6.2,21034,1,79,NT West
CENTRE STAGE・TOWER 1,3,Sheung Wan,18,809,24474,1104,17934,19.8,57576,8,73,HK Island
